"Caribbean Estates, Land & Villas"
ANSA McAL
Europcar Tobago
Pigeon Point Heritage Park
Royal Bank of Canada
Gallagher Risk Management
Sea Jade Investments
Caribbean Tourism Publications Ltd
Arnos Vale Hotel Ltd
French Secrets Spa & Wellness Ctr
AMB Auto Parts Supplies & Services
Eastern Credit Union
Agostini Insurance Brokers Ltd
Artfully Delicious
"Caribbean College of Culinary Arts, Hospitality"
Above Excellence Appliance Repairs & Services
Get in Touch T&T Limited
Western Fire Safety & Services Co Ltd
Sandy Point Services Limited ( Club )
Get in Touch T&T Limited
Advance Foam Limited